{"animations": [{"animationName": "Bus","animationDuration": 0.0,"defaultAnimation": true,"collisionType": "CUSTOM","spritesheetFile": {"resourceFile": "Assorted/bus_running.png","resourceFileAbsolute": ""},"spritesheetJsonFile": {"resourceFile": "","resourceFileAbsolute": ""},"fixtureFile": {"resourceFile": "Assorted/Bus.json","resourceFileAbsolute": ""},"spritesheetItems": [{"extractBounds": {"x": 0.0,"y": 0.0,"width": 110.0,"height": 34.0},"frameIndex": 0},{"extractBounds": {"x": 110.0,"y": 0.0,"width": 110.0,"height": 34.0},"frameIndex": 1},{"extractBounds": {"x": 220.0,"y": 0.0,"width": 110.0,"height": 34.0},"frameIndex": 2},{"extractBounds": {"x": 330.0,"y": 0.0,"width": 110.0,"height": 34.0},"frameIndex": 3},{"extractBounds": {"x": 440.0,"y": 0.0,"width": 110.0,"height": 34.0},"frameIndex": 4},{"extractBounds": {"x": 550.0,"y": 0.0,"width": 110.0,"height": 34.0},"frameIndex": 5},{"extractBounds": {"x": 660.0,"y": 0.0,"width": 110.0,"height": 34.0},"frameIndex": 6},{"extractBounds": {"x": 770.0,"y": 0.0,"width": 110.0,"height": 34.0},"frameIndex": 7}]}]}