{"animations": [{"animationName": "Candy","animationDuration": 0.05,"defaultAnimation": true,"collisionType": "CUSTOM","spritesheetFile": {"resourceFile": "Assorted/candy.png","resourceFileAbsolute": ""},"spritesheetJsonFile": {"resourceFile": "","resourceFileAbsolute": ""},"fixtureFile": {"resourceFile": "Assorted/Candy.json","resourceFileAbsolute": ""},"spritesheetItems": [{"extractBounds": {"x": 0.0,"y": 0.0,"width": 100.0,"height": 100.0},"frameIndex": 0},{"extractBounds": {"x": 100.0,"y": 0.0,"width": 100.0,"height": 100.0},"frameIndex": 1},{"extractBounds": {"x": 200.0,"y": 0.0,"width": 100.0,"height": 100.0},"frameIndex": 2},{"extractBounds": {"x": 300.0,"y": 0.0,"width": 100.0,"height": 100.0},"frameIndex": 3},{"extractBounds": {"x": 400.0,"y": 0.0,"width": 100.0,"height": 100.0},"frameIndex": 4},{"extractBounds": {"x": 500.0,"y": 0.0,"width": 100.0,"height": 100.0},"frameIndex": 5},{"extractBounds": {"x": 600.0,"y": 0.0,"width": 100.0,"height": 100.0},"frameIndex": 6},{"extractBounds": {"x": 700.0,"y": 0.0,"width": 100.0,"height": 100.0},"frameIndex": 7}]}]}