{"animations": [{"animationName": "Coin","animationDuration": 0.05,"defaultAnimation": true,"collisionType": "CUSTOM","spritesheetFile": {"resourceFile": "Assorted/coin-sprite-animation-sprite-sheet.png","resourceFileAbsolute": ""},"spritesheetJsonFile": {"resourceFile": "","resourceFileAbsolute": ""},"fixtureFile": {"resourceFile": "Assorted/Coin.json","resourceFileAbsolute": ""},"spritesheetItems": [{"extractBounds": {"x": 0.0,"y": 0.0,"width": 44.0,"height": 40.0},"frameIndex": 0},{"extractBounds": {"x": 44.0,"y": 0.0,"width": 44.0,"height": 40.0},"frameIndex": 1},{"extractBounds": {"x": 88.0,"y": 0.0,"width": 44.0,"height": 40.0},"frameIndex": 2},{"extractBounds": {"x": 132.0,"y": 0.0,"width": 44.0,"height": 40.0},"frameIndex": 3},{"extractBounds": {"x": 176.0,"y": 0.0,"width": 44.0,"height": 40.0},"frameIndex": 4},{"extractBounds": {"x": 220.0,"y": 0.0,"width": 44.0,"height": 40.0},"frameIndex": 5},{"extractBounds": {"x": 264.0,"y": 0.0,"width": 44.0,"height": 40.0},"frameIndex": 6},{"extractBounds": {"x": 308.0,"y": 0.0,"width": 44.0,"height": 40.0},"frameIndex": 7},{"extractBounds": {"x": 352.0,"y": 0.0,"width": 44.0,"height": 40.0},"frameIndex": 8},{"extractBounds": {"x": 396.0,"y": 0.0,"width": 44.0,"height": 40.0},"frameIndex": 9}]}]}