{"animations": [{"animationName": "CoinSketch","animationDuration": 0.07,"defaultAnimation": true,"collisionType": "CUSTOM","spritesheetFile": {"resourceFile": "Assorted/CoinSketch.png","resourceFileAbsolute": ""},"spritesheetJsonFile": {"resourceFile": "","resourceFileAbsolute": ""},"fixtureFile": {"resourceFile": "Assorted/CoinSketch.json","resourceFileAbsolute": ""},"spritesheetItems": [{"extractBounds": {"x": 0.0,"y": 0.0,"width": 114.0,"height": 100.0},"frameIndex": 0},{"extractBounds": {"x": 114.0,"y": 0.0,"width": 114.0,"height": 100.0},"frameIndex": 1},{"extractBounds": {"x": 228.0,"y": 0.0,"width": 114.0,"height": 100.0},"frameIndex": 2},{"extractBounds": {"x": 342.0,"y": 0.0,"width": 114.0,"height": 100.0},"frameIndex": 3},{"extractBounds": {"x": 456.0,"y": 0.0,"width": 114.0,"height": 100.0},"frameIndex": 4},{"extractBounds": {"x": 570.0,"y": 0.0,"width": 114.0,"height": 100.0},"frameIndex": 5},{"extractBounds": {"x": 684.0,"y": 0.0,"width": 114.0,"height": 100.0},"frameIndex": 6},{"extractBounds": {"x": 798.0,"y": 0.0,"width": 114.0,"height": 100.0},"frameIndex": 7},{"extractBounds": {"x": 912.0,"y": 0.0,"width": 114.0,"height": 100.0},"frameIndex": 8},{"extractBounds": {"x": 1026.0,"y": 0.0,"width": 114.0,"height": 100.0},"frameIndex": 9}]}]}