{"screenPrefs": {"debugDrawPrefs": {"drawBodies": true,"drawJoints": true,"drawAABB": false,"drawInactiveBodies": true,"installMouseJoint": true,"drawDebugData": true,"drawEntities": true},"worldPrefs": {"ptmRatio": 16,"velocityIterations": 200,"positionIterations": 100,"timeStep": 60.0,"gravityX": 0.0,"gravityY": -9.0},"cardPrefs": {"cardNoX": 1,"cardNoY": 1,"cardWidth": 480,"cardHeight": 320},"backgroundColor": {"r": 234,"g": 234,"b": 234}},"layers": [{"id": 0,"name": "Layer1","visible": true,"locked": false,"shape": [{"id": "edge0","visible": true,"locked": false,"background": false,"backgroundResourceFile": {"resourceFile": "","resourceFileAbsolute": ""},"editorShapeType": "SIMPLE_SHAPE_HEDGE","bounds": {"x": 32.0,"y": 256.0,"width": 376.0,"height": 5.0},"bodyDef": {"active": true,"allowSleep": true,"angle": 0.0,"angularDamping": 0.0,"angularVelocity": 0.0,"awake": true,"bullet": false,"fixedRotation": false,"linearDamping": 0.0,"gravityScale": 1.0,"linearVelocity": {"x": 0.0,"y": 0.0},"type": "STATIC","position": {"x": 0.0,"y": 0.0}},"fixtureDef": {"density": 1.0,"friction": 0.2,"restitution": 0.0,"sensor": false,"filter": {"categoryBits": 1,"maskBits": -1,"groupIndex": 0}},"text": ""},{"id": "box0","visible": true,"locked": false,"background": false,"backgroundResourceFile": {"resourceFile": "","resourceFileAbsolute": ""},"editorShapeType": "SIMPLE_SHAPE_BOX","bounds": {"x": 160.0,"y": 176.0,"width": 81.0,"height": 65.0},"bodyDef": {"active": true,"allowSleep": true,"angle": 0.0,"angularDamping": 0.0,"angularVelocity": 0.0,"awake": true,"bullet": false,"fixedRotation": false,"linearDamping": 0.0,"gravityScale": 1.0,"linearVelocity": {"x": 0.0,"y": 0.0},"type": "STATIC","position": {"x": 0.0,"y": 0.0}},"fixtureDef": {"density": 1.0,"friction": 0.2,"restitution": 0.0,"sensor": false,"filter": {"categoryBits": 1,"maskBits": -1,"groupIndex": 0}},"text": ""},{"id": "edge0","visible": true,"locked": false,"background": false,"backgroundResourceFile": {"resourceFile": "","resourceFileAbsolute": ""},"editorShapeType": "SIMPLE_SHAPE_VEDGE","bounds": {"x": 480.0,"y": 0.0,"width": 16.0,"height": 321.0},"bodyDef": {"active": true,"allowSleep": true,"angle": 0.0,"angularDamping": 0.0,"angularVelocity": 0.0,"awake": true,"bullet": false,"fixedRotation": false,"linearDamping": 0.0,"gravityScale": 1.0,"linearVelocity": {"x": 0.0,"y": 0.0},"type": "STATIC","position": {"x": 0.0,"y": 0.0}},"fixtureDef": {"density": 1.0,"friction": 0.2,"restitution": 0.0,"sensor": false,"filter": {"categoryBits": 1,"maskBits": -1,"groupIndex": 0}},"text": ""},{"id": "edge1","visible": true,"locked": false,"background": false,"backgroundResourceFile": {"resourceFile": "","resourceFileAbsolute": ""},"editorShapeType": "SIMPLE_SHAPE_VEDGE","bounds": {"x": 0.0,"y": 0.0,"width": 16.0,"height": 321.0},"bodyDef": {"active": true,"allowSleep": true,"angle": 0.0,"angularDamping": 0.0,"angularVelocity": 0.0,"awake": true,"bullet": false,"fixedRotation": false,"linearDamping": 0.0,"gravityScale": 1.0,"linearVelocity": {"x": 0.0,"y": 0.0},"type": "STATIC","position": {"x": 0.0,"y": 0.0}},"fixtureDef": {"density": 1.0,"friction": 0.2,"restitution": 0.0,"sensor": false,"filter": {"categoryBits": 1,"maskBits": -1,"groupIndex": 0}},"text": ""},{"id": "edge1","visible": true,"locked": false,"background": false,"backgroundResourceFile": {"resourceFile": "","resourceFileAbsolute": ""},"editorShapeType": "SIMPLE_SHAPE_HEDGE","bounds": {"x": 0.0,"y": 320.0,"width": 481.0,"height": 8.0},"bodyDef": {"active": true,"allowSleep": true,"angle": 0.0,"angularDamping": 0.0,"angularVelocity": 0.0,"awake": true,"bullet": false,"fixedRotation": false,"linearDamping": 0.0,"gravityScale": 1.0,"linearVelocity": {"x": 0.0,"y": 0.0},"type": "STATIC","position": {"x": 0.0,"y": 0.0}},"fixtureDef": {"density": 1.0,"friction": 0.2,"restitution": 0.0,"sensor": false,"filter": {"categoryBits": 1,"maskBits": -1,"groupIndex": 0}},"text": ""},{"id": "edge2","visible": true,"locked": false,"background": false,"backgroundResourceFile": {"resourceFile": "","resourceFileAbsolute": ""},"editorShapeType": "SIMPLE_SHAPE_HEDGE","bounds": {"x": 0.0,"y": 0.0,"width": 481.0,"height": 8.0},"bodyDef": {"active": true,"allowSleep": true,"angle": 0.0,"angularDamping": 0.0,"angularVelocity": 0.0,"awake": true,"bullet": false,"fixedRotation": false,"linearDamping": 0.0,"gravityScale": 1.0,"linearVelocity": {"x": 0.0,"y": 0.0},"type": "STATIC","position": {"x": 0.0,"y": 0.0}},"fixtureDef": {"density": 1.0,"friction": 0.2,"restitution": 0.0,"sensor": false,"filter": {"categoryBits": 1,"maskBits": -1,"groupIndex": 0}},"text": ""},{"id": "box1","visible": true,"locked": false,"background": false,"backgroundResourceFile": {"resourceFile": "","resourceFileAbsolute": ""},"editorShapeType": "SIMPLE_SHAPE_BOX","bounds": {"x": 319.0,"y": 57.0,"width": 81.0,"height": 65.0},"bodyDef": {"active": true,"allowSleep": true,"angle": 0.0,"angularDamping": 0.0,"angularVelocity": 0.0,"awake": true,"bullet": false,"fixedRotation": false,"linearDamping": 0.0,"gravityScale": 1.0,"linearVelocity": {"x": 0.0,"y": 0.0},"type": "DYNAMIC","position": {"x": 0.0,"y": 0.0}},"fixtureDef": {"density": 1.0,"friction": 0.2,"restitution": 0.0,"sensor": false,"filter": {"categoryBits": 1,"maskBits": -1,"groupIndex": 0}},"text": ""}]}]}